DEPTH,NO 6507/7-A-14,NO 6507/7-A-28,NO 6507/7-A-38
0,111.9255,94.166,116.83
2,109.902,82.4419,116.83
3,107.3564,74.9002,116.83
4,112.5613,76.8026,111.62
5,113.5136,90.3897,110.32
6,111.057,87.1611,110.32
8,112.1877,87.3973,114.23
9,113.3034,86.3645,107.28
10,111.786,85.8841,113.36
12,100.2745,87.6118,113.36
13,94.974,73.5506,107.28
14,93.466,72.6288,106.84
15,91.9733,78.4324,106.84
16,91.2799,73.9974,106.84
17,93.6908,72.672,105.97
19,113.9197,76.4937,105.97
20,118.7529,80.6478,111.62
22,104.2762,84.5199,109.01
23,106.4257,78.6486,112.05
24,104.7858,77.9419,112.05
25,102.9502,73.6258,114.66
26,101.1586,74.4629,114.66
28,94.1657,81.0205,112.92
29,96.4757,83.3305,112.92
30,100.2753,82.3856,112.92
32,107.0296,91.9778,109.88
33,110.4067,90.8777,111.4
34,113.7838,90.6683,111.84
35,117.2377,95.4905,108.15
36,119.8178,94.1062,108.15
37,121.6272,86.468,105.97
38,115.4944,95.0797,107.28
39,112.418,87.8077,104.67
41,106.2531,76.7132,107.28
42,105.1683,77.1928,108.15
43,104.9675,81.3543,105.39
44,104.8482,83.1037,115.53
45,104.6865,80.3048,109.67
46,104.5321,81.8583,109.67
47,106.0755,83.1078,109.45
48,108.9474,84.6614,112.05
49,112.2145,89.3304,109.99
50,116.7599,85.2025,112.71
51,120.9182,88.6132,109.45
52,118.9924,88.5895,108.8
53,115.7394,90.335,109.45
54,113.3929,91.8846,107.13
55,112.3399,90.4181,113.03
56,110.9593,89.0897,113.03
57,109.5788,90.2285,105.11
58,108.1982,90.0905,114.44
59,104.6666,84.5691,113.36
60,102.4924,86.8694,112.18
61,100.6708,78.1452,109.26
62,99.5767,74.8108,111.91
63,98.0649,74.8458,117.99
64,96.3756,78.3309,114.66
65,94.6772,76.9138,113.36
66,94.8738,77.7109,113.36
67,95.7074,81.2682,112.63
69,97.5118,78.4207,111.62
70,98.5486,75.8991,115.96
71,99.1835,71.6116,115.53
72,100.8174,77.2572,115.82
73,105.9092,76.3932,115.82
74,104.4872,76.2275,114.23
75,102.8706,71.1765,117.37
76,100.8572,75.3029,117.27
77,100.1198,75.9622,112.49
78,101.9116,76.6024,112.05
79,102.622,78.2956,109.59
81,101.3331,74.0212,113.79
82,100.8979,74.6158,113.5
83,92.9916,78.7823,114.37
84,89.4198,76.7731,125.3
85,92.0605,79.2938,125.3
86,94.9316,75.9549,125.37
87,97.8361,74.7488,125.81
88,97.324,74.7109,119.66
89,92.6505,74.3548,121.18
90,89.3136,76.7282,113.36
91,87.6833,72.5658,116.99
92,87.2345,74.8248,119.36
93,86.6825,76.3332,119.04
94,87.7917,75.0647,122.32
95,90.6887,74.4836,122.32
96,91.845,71.757,129.1
97,90.1894,70.6871,131.71
98,88.1131,67.8903,141.81
99,86.8747,70.3991,141.81
100,85.2553,72.7391,141.15
101,100.9428,69.8842,140.18
102,99.1015,73.8928,140.72
103,91.4648,71.5851,132.9
104,91.3236,69.4146,125.3
105,92.1374,69.3525,125.3
106,93.2475,67.8763,121.61
107,94.1334,74.8891,113.21
108,94.8081,75.4022,113.21
109,95.6151,71.5021,95.12
110,95.525,68.266,97.29
111,98.3458,68.4574,111.01
112,103.6983,75.4918,140.43
113,100.8633,74.3346,154.33
114,98.9707,80.3163,163.96
115,97.5327,77.7017,171.34
116,95.5672,77.6473,172.71
117,109.0886,77.0112,172.71
118,110.8256,77.5498,176.91
119,109.365,84.3709,167
120,107.9044,84.0691,167
121,106.441,78.7926,131.82
122,109.1472,84.3862,128.99
123,114.5387,83.2992,124.54
124,112.5768,79.5581,127.91
125,110.7024,78.4764,128.56
126,108.1637,75.019,122.91
127,108.1532,76.3548,119.55
128,105.834,77.9736,121.18
129,101.5834,82.6251,123.78
130,99.7945,88.2949,123.95
131,98.4409,86.4057,123.93
132,102.1116,79.0325,122.62
133,112.3112,73.6121,124.65
134,117.1919,76.3329,128.99
135,115.7562,84.9559,124.65
136,111.0225,88.4913,127.15
137,110.0337,55.1508,124.22
138,107.298,88.9569,126.82
139,106.2433,87.3457,119.87
140,108.6914,96.982,117.7
141,113.9076,89.9482,120.09
142,117.5078,88.582,120.09
143,121.5661,86.922,118.14
144,132.8409,83.2129,121.46
145,144.528,72.9038,132.9
146,152.3554,71.9167,132.9
147,149.3113,78.999,125.08
148,144.7246,78.2769,128.56
149,141.9387,77.8718,128.56
150,137.6991,82.4612,119.66
151,133.1495,79.4531,123.02
152,130.0033,85.1594,125.08
153,123.2056,94.7585,120.74
154,117.5814,93.9483,126.97
155,112.4592,97.5383,122.04
156,108.0207,99.7506,127.69
157,110.8546,107.5113,120.31
158,108.1611,108.5291,124.65
159,102.8009,100.4399,124.65
160,99.1114,93.9731,128.91
161,103.584,86.4068,128.3
162,107.9991,79.828,127.11
163,108.9518,76.475,125.08
164,110.0102,78.1948,125.08
165,117.0302,77.4273,127.9
166,123.1916,83.8269,129.12
167,130.5918,83.7863,129.17
168,135.6292,80.4051,131.6
169,123.4581,78.6395,126.17
170,126.1063,80.142,129.68
171,130.5029,86.6738,127.36
172,130.1275,84.8778,131.82
173,118.7031,95.5172,129.86
174,118.7009,94.7517,129.32
175,119.5416,89.1821,129.6
176,118.4563,89.673,129.6
177,114.0877,94.2548,127.55
178,110.7516,93.8051,127.55
179,107.41,94.7021,129.54
180,104.7123,95.7753,131.6
181,107.804,90.638,131.06
182,116.593,85.8121,129.77
183,125.3572,81.0277,128.56
184,122.761,78.2247,130.15
185,113.5151,77.7744,130.46
186,116.7676,89.4024,129.25
187,121.4677,86.6923,129.25
188,124.275,86.5531,132.68
189,127.9672,86.0266,129.69
190,130.6333,86.8086,129.69
191,127.5048,91.7389,128.99
192,122.3613,89.782,137.25
193,115.7288,90.452,124.56
194,113.1374,87.9649,128.99
195,115.5918,92.7062,132.63
196,122.207,93.262,132.03
197,131.5565,90.4967,127.69
198,135.9023,88.832,123.01
199,132.0005,95.1061,127.26
200,129.6523,91.6502,118.86
201,128.4069,90.7935,118.86
202,125.1483,86.295,121.28
203,125.5382,87.9704,139.34
204,131.2602,99.4256,139.34
205,135.1836,96.5597,123.35
206,132.7604,97.2807,119.66
207,130.3841,94.8429,113.9
208,133.8028,102.7664,112.05
209,139.7165,102.8856,117.85
210,134.1221,102.4977,117.12
211,133.759,99.4818,116.51
212,134.3638,99.566,117.05
213,122.5013,96.6683,117.48
214,127.7831,97.6041,127.69
215,131.5096,97.079,124.13
216,139.6762,97.0563,111.88
217,131.2389,94.5159,113.36
218,126.0032,89.3549,113.36
219,125.9908,83.0616,128.73
220,123.9111,87.8635,108.36
221,108.5568,74.0545,101.05
222,119.4703,77.7498,108.15
223,126.9036,90.0393,115.09
224,118.0642,73.1533,108.8
225,111.6473,72.2857,105.11
226,113.2651,69.6213,94.57
227,108.0163,80.1584,107.6
228,104.7758,88.9896,111.62
229,105.8812,86.5753,101.78
230,115.4371,76.8709,106.3
231,118.0122,81.1436,109.54
232,114.082,95.1285,109.54
233,108.4311,95.3455,109.01
234,105.9184,76.3291,106.41
235,101.6395,68.29,107.28
240,112.556,72.5748,106.16
241,105.0139,67.496,115.79
242,139.4936,90.0654,111.46
243,134.207,91.9835,112.87
244,125.9839,101.1018,112.87
245,105.9993,91.493,115.09
246,103.996,81.7108,115.09
247,100.9801,100.2893,107.71
248,99.6657,96.9591,105.32
249,81.8104,65.6787,109.45
250,74.3714,61.3975,107.71
251,79.1213,65.34,112.05
252,83.2515,62.341,115.75
253,80.2313,52.2549,130.51
254,80.5776,59.7318,111.76
255,84.7463,60.9899,108.58
256,90.8484,58.8375,107.57
257,95.8849,55.2456,105.54
258,92.8362,40.7883,92.01
259,89.7762,40.0739,112.6
260,93.1317,44.8062,112.6
262,97.7877,67.4942,102.02
263,90.0608,67.3937,102.28
264,88.8072,71.5172,104.31
265,92.4904,62.0513,110.38
267,96.3652,60.6708,107.77
268,108.7735,64.3079,119.16
269,93.9816,69.3469,119
270,97.492,68.3106,115.26
274,113.25,62.922,117.51
275,134.4192,66.2723,116.25
276,123.0453,67.1538,116.25
277,98.8769,63.6587,116.83
278,99.1694,57.2518,116.83
284,87.3756,66.4408,104.67
286,85.2579,68.9132,109.09
287,85.0644,85.9437,115.09
288,112.727,116.8048,104.89
289,113.1261,51.3451,108.79
290,98.4218,54.5027,113.01
291,90.016,52.7065,113.01
293,93.842,51.1075,120.07
294,104.0433,48.575,120.07
295,101.8843,53.9013,101.63
296,98.0379,63.3789,101.63
297,97.0093,66.9006,110.24
298,100.692,67.6754,102.5
299,108.3947,85.2556,111.4
300,113.9369,71.0554,106.84
301,99.8839,49.1629,110.32
302,81.6373,45.6397,118.35
303,83.8479,47.1252,110.32
304,100.6326,59.5147,109.23
305,102.5834,59.6267,115.9
306,95.0563,54.7653,109.88
307,97.9181,54.7784,109.88
308,98.1237,92.326,114.66
309,100.0946,82.7039,112.49
310,98.254,69.9251,112.6
311,102.3586,71.4325,108.84
312,107.0127,71.2598,108.84
313,141.1653,64.3469,115.82
314,86.5775,61.5406,114.88
315,77.7995,67.4108,112.36
316,89.9024,72.6833,109.88
317,92.578,61.7553,109.01
318,91.9744,69.9365,109.45
319,90.3182,77.3547,113.44
320,90.033,76.9804,114.88
321,90.0861,53.5462,117.82
322,107.2387,49.3796,110.32
323,103.4899,66.8015,115.96
324,92.419,71.5466,116.34
325,100.4968,66.246,110.97
326,90.4529,68.7783,108.15
327,105.146,71.765,108.15
328,95.1981,67.4761,109.54
329,97.3998,58.0877,112.05
330,96.5037,65.8013,112.05
331,98.1224,98.4785,104.74
332,98.6368,94.4907,105.11
333,86.873,62.5136,94.94
334,93.1671,58.7763,95.88
335,94.3879,64.567,102.21
336,98.9466,62.5241,109.74
337,103.1465,50.9639,115.96
338,91.9783,47.5395,115.96
339,92.8533,49.4446,112.27
340,99.7715,74.5876,95.12
341,93.1267,70.4517,95.12
342,95.3258,68.6824,89.04
343,98.0052,62.3767,89.04
344,96.6971,69.7979,86
345,103.0929,67.8687,91.21
346,93.4678,57.0843,91.21
347,96.1814,67.4538,100.33
348,90.4871,58.9955,108.58
349,83.3924,61.2729,103.66
351,89.3945,70.5782,104.53
352,89.8471,69.0094,101.2
353,87.8177,74.2077,120.52
354,85.7823,85.4614,121.61
355,83.7386,62.9524,116.83
357,89.3079,63.83,109.3
359,84.5016,67.9369,115.96
360,82.1049,69.7418,119.87
361,80.5417,71.1421,120.31
362,79.1549,71.0832,114.01
364,95.5755,82.8634,118.14
365,104.9716,60.5878,118.14
366,106.2101,68.5995,98.81
367,89.7626,75.9648,104.35
368,82.5055,77.091,101.63
370,79.863,56.4309,103.8
371,89.7954,65.0535,110.32
373,94.3893,61.6029,110.75
374,93.3502,61.2216,100.76
375,92.8974,48.7221,95.77
376,98.4197,60.1961,130.44
377,101.5719,55.0997,118.32
378,101.2435,39.0754,113.79
379,95.136,49.1838,112.05
380,89.4855,49.3986,112.05
381,90.5559,68.1443,115.38
382,90.0835,74.6494,112.34
383,96.9101,72.6862,112.34
384,107.293,77.6534,110.32
385,110.8297,90.7326,110.32
386,110.6834,71.315,105.32
387,99.0468,73.0914,111.51
388,97.195,66.7688,112.49
389,82.0683,65.3281,109.77
390,70.7381,60.225,109.77
391,70.3475,62.8174,105.87
392,69.976,47.3723,105.87
393,70.5558,67.6283,118.14
394,80.9377,78.7404,119.44
395,90.4617,77.266,119.87
396,98.1501,69.1845,115.53
397,93.9749,63.5268,109.23
398,84.4681,59.7017,104.45
399,70.7439,73.1559,107.49
401,69.427,83.031,111.19
402,83.8228,71.3414,113.17
403,100.5293,51.8416,113.57
404,95.3978,57.4564,109.88
405,90.0119,44.9818,115.53
408,70.9301,41.6203,89.9
409,91.6004,41.8232,89.9
410,109.5606,41.1111,110.61
413,89.974,55.8658,90.34
414,83.1298,51.5888,90.34
416,100.1097,44.3544,92.73
417,97.416,59.0745,91.64
420,99.6009,65.0859,90.88
423,92.3486,48.2225,102.07
434,111.9676,63.6232,94.68
435,107.4812,65.0735,94.68
436,107.4644,63.2706,91.64
437,108.1043,57.6657,88.31
439,105.6712,59.7079,92.94
440,109.357,55.7754,89.04
441,108.6089,62.0619,88.17
443,136.5815,60.8759,95.98
444,128.2387,64.1896,96.64
446,106.6042,60.8021,96.09
447,105.4178,62.434,92.08
449,106.5224,69.883,84.26
450,105.6925,71.3281,84.26
451,105.6647,74.3227,86.21
452,107.7476,71.7417,91.06
453,104.3443,76.1517,86.28
454,98.4782,79.6166,90.85
455,102.0791,82.2262,90.85
456,105.2852,72.5051,90.88
457,103.4743,71.883,93.38
459,102.1461,87.3254,96.42
460,95.1933,88.9383,96.42
461,88.3335,80.9775,97.5
462,95.5978,85.9512,94.68
463,103.4144,81.4428,97
464,104.0493,81.7268,93.81
465,109.9958,78.3795,93.38
467,112.2542,85.5442,94.75
468,119.4277,76.9313,86.43
469,121.319,86.4102,92.51
470,113.6844,78.9672,98.59
471,105.8381,78.6173,98.93
473,110.6803,75.9392,98.16
474,111.736,72.5525,90.34
475,110.0987,78.8807,89.9
476,106.3498,75.2164,89.9
478,107.7637,71.2357,76.87
479,109.7324,67.9373,81.65
480,112.6885,70.7522,77.96
481,116.8164,70.1991,77.96
482,118.044,74.0367,78.71
483,113.9064,73.0832,81.76
484,115.5298,67.9032,82.96
485,120.1564,69.6506,82.96
486,119.8009,71.4557,80.93
487,113.1357,75.5912,93.7
488,113.6209,80.9888,90.92
489,123.6589,78.1454,89.04
490,130.0585,74.9106,82.09
491,121.4123,79.1143,84.26
492,109.7026,81.8992,84.26
493,102.1032,74.369,84.17
494,102.3591,74.7628,83.68
495,92.5515,74.2679,83.65
496,80.9343,67.8893,84.98
497,73.6476,75.5664,89.18
498,73.4722,75.9898,78.97
499,73.0321,75.6593,81.43
500,72.5891,79.4171,82.52
501,72.1109,79.269,81.07
502,71.641,76.9363,82.52
503,71.1464,77.8551,80.6
504,73.5991,76.7617,87.3
506,81.5623,71.4765,87.73
507,85.1199,68.4039,94.62
508,88.716,72.3065,80.78
509,91.7996,87.419,80.78
510,89.3262,101.376,90.88
511,76.101,102.574,90.88
512,75.3196,98.2154,87.73
513,81.1589,77.407,87.73
515,79.2465,81.5357,86
516,76.8236,66.2732,98.37
518,79.5459,69.8092,83.24
519,81.5356,71.6558,112.05
520,88.4336,69.936,83.82
521,86.2016,50.7555,87.3
522,82.6521,43.4205,94.25
523,92.4884,34.7851,92.73
525,94.7109,38.2664,96.85
526,96.4169,44.9147,94.54
527,82.7946,37.987,97.29
528,88.2098,42.3758,86.1
529,90.5369,39.6181,82.52
530,88.2528,34.7944,82.52
531,81.8076,44.3594,95.98
532,82.3511,47.1535,87.73
533,82.2419,50.1535,87.73
534,81.3825,49.7254,92.08
535,83.8285,40.8405,85.13
536,85.2126,39.9317,85.13
537,84.7303,40.1447,80.35
538,80.5564,38.4001,78.39
539,78.0801,49.107,78.39
540,85.0983,35.5587,76.66
542,83.5928,36.3349,78.9
543,84.279,45.2587,77.53
544,84.434,43.3462,78.18
545,85.3445,39.6394,79.48
546,79.7791,41.5731,86.43
547,73.8969,41.6971,81.22
548,68.8442,46.8125,81.22
549,77.8669,55.2613,88.38
550,82.8761,57.1016,90.77
552,80.5268,58.931,104.45
553,77.9709,47.8453,114.23
554,87.3798,47.5668,107.82
555,69.9273,50.3878,104.45
556,73.4968,59.7811,100.33
557,80.7882,69.316,100.33
558,74.3026,69.4156,100.76
559,67.9576,49.6682,101.41
560,70.0054,48.3504,104.93
561,70.1581,44.0784,108.15
562,68.8164,44.0141,99.46
563,73.767,49.1523,111.19
564,77.7703,56.0051,106.41
565,77.3579,51.5412,103.95
566,90.5694,48.474,105.25
567,89.2375,50.151,108.58
568,85.6844,52.3113,100.55
569,87.2982,52.4751,101.63
570,85.6542,53.7924,98.03
572,133.8457,53.7962,99.94
573,155.5176,50.4573,99.94
574,167.7251,57.0036,92.8
575,151.8332,46.0961,92.8
576,151.2147,39.7887,84.84
577,148.0324,42.2149,86
578,143.3318,47.2195,81.65
579,138.368,59.0168,85.56
580,134.5163,50.7271,82.09
581,139.9631,46.8647,83.48
582,145.2894,43.5321,83.48
583,142.5009,36.4653,82.52
584,139.5495,33.0007,82.52
585,138.6036,32.2786,76.44
586,135.7547,38.0376,76.44
587,134.7099,39.8613,81.87
588,134.4433,40.4054,82.96
589,138.8692,37.8925,92.08
590,131.1649,40.1479,85.27
591,117.4973,35.3987,92.94
592,120.23,34.5877,92.29
593,130.8581,43.7214,90.77
595,121.5732,62.2211,92.22
597,97.7554,63.2436,77.89
620,83.9129,93.5966,77.89
655,110.1952,70.1973,111.19
656,118.9402,70.8665,111.19
657,116.3036,66.6901,109.45
658,108.2789,64.2004,109.45
662,82.1339,52.7277,93.81
664,84.4006,48.1237,98.74
666,87.711,54.097,101.05
667,87.8707,42.0732,99.37
668,95.5778,41.5494,102.22
669,79.1401,40.1983,103.15
670,78.0897,40.8238,105.23
671,79.3665,36.5342,107.46
672,82.8879,35.4766,113.79
673,80.5024,38.5051,107.46
674,79.8385,35.8834,109.45
677,98.0436,46.5701,107.71
679,86.9014,29.1519,107.13
682,87.7557,69.954,115.7
683,88.0225,61.1606,115.82
684,84.443,61.2481,116.4
685,82.5699,66.0938,116.4
686,82.0833,60.0034,112.18
688,75.7853,86.4448,125.95
689,77.6776,97.8993,125.95
692,84.8607,59.0927,127.4
693,78.9083,56.2236,125.08
694,75.8727,52.6976,125.58
695,78.5506,54.4511,124.56
696,81.2346,54.4657,124.56
697,85.1238,56.2602,115.53
698,89.3739,71.8599,127.11
701,96.1392,53.6443,148.25
702,97.9252,48.8059,149.41
703,101.0441,49.2973,145.93
704,107.6517,49.2682,146.94
705,103.5763,48.2895,142.06
706,93.1613,49.4415,144.86
709,87.972,52.9766,98.68
710,87.972,53.4347,112.13
713,112.9621,49.5127,119.87
714,117.8429,51.5533,132.61
715,116.3779,59.8796,138.98
716,114.3513,65.6727,142.46
718,110.5234,56.8277,163.3
719,107.1792,50.6109,199.79
720,106.852,50.2307,199.79
721,102.9527,46.5652,152.88
722,97.723,45.384,156.36
723,116.9918,40.1664,164.46
724,126.82,47.5833,173.73
725,126.9072,47.0814,173.73
726,121.8537,51.8314,207.43
728,117.0406,52.1291,156.36
729,117.5786,50.086,154.18
730,110.1929,51.3169,153.17
731,98.7534,52.0005,153.17
732,79.5903,56.8158,156.36
733,81.7961,67.5826,178.07
734,86.3151,70.5608,138.98
735,90.8329,67.9091,142.46
736,100.5553,59.458,142.46
737,115.7727,62.6086,147.67
738,123.4141,63.1906,147.67
740,119.0015,60.0531,149.84
741,128.3467,42.5431,154.62
742,126.1662,47.2058,154.62
743,132.6435,63.9783,140.72
744,142.9595,61.599,140.72
745,146.6062,62.3173,144.41
746,144.4424,62.7817,144.41
747,147.985,76.7768,141.59
748,155.958,76.4103,128.56
749,167.8543,71.067,136.2
751,181.9912,75.3696,143.04
752,187.0987,68.383,145.64
753,184.1211,73.9511,143.33
754,175.4933,74.1211,139.48
756,159.5121,58.8795,143.76
757,157.5961,65.382,149.41
758,148.0736,73.3165,143.04
759,123.6178,94.3201,146.32
761,104.9516,77.4094,154.27
762,103.8937,79.8,151.49
763,136.3362,85.2365,146.8
764,136.353,85.6206,145.53
765,134.1755,73.5687,149.41
767,134.306,70.7709,151.14
768,127.0955,68.5677,152.88
770,140.8179,63.9183,155.2
772,130.9282,60.8192,154.18
773,129.9493,60.3572,154.18
774,128.6447,56.8485,147.67
775,125.2629,69.3611,147.67
776,117.4004,82.0798,148.02
778,127.3993,84.7335,163.88
779,132.1359,75.5847,163.88
780,134.5811,74.0189,158.09
781,132.5302,89.9467,142.46
782,138.4698,89.2341,148.83
783,141.7553,105.9727,151.14
784,152.8252,108.5964,151.14
785,153.5196,109.3685,146.3
786,152.9542,120.8269,146.51
787,150.2291,131.978,142.46
788,148.4061,136.8113,142.46
790,147.9854,147.3816,143.76
792,149.2424,144.7499,142.46
793,162.8813,135.8465,141.67
795,150.125,126.3837,137.25
796,147.5897,126.4009,137.25
797,122.9083,128.9741,143.62
798,99.4175,118.5666,143.04
799,130.1064,83.4475,143.33
800,133.885,78.4846,143.5
801,135.4822,98.4573,145.93
802,136.0119,76.954,144.19
803,143.5055,130.4757,148.17
804,137.1663,133.7583,155.78
805,130.7563,127.3783,153.97
806,131.1156,119.5312,158.09
807,132.3568,101.7324,149.1
808,135.6891,103.6678,149.1
809,121.4421,104.8907,145.28
810,117.1132,102.6236,116.4
811,128.2507,83.9778,117.27
812,127.716,102.5604,126.24
813,126.1967,101.7213,126.82
814,124.7894,98.2228,133.77
815,123.3631,99.2583,125.08
816,125.2015,97.7997,137.25
817,139.709,97.7613,125.08
818,141.246,98.8143,129.14
819,140.5625,97.6083,129.14
820,140.0423,92.434,130.3
821,126.6761,94.8861,130.3
822,118.5061,103.1662,125.08
823,122.6105,62.1295,133.77
824,125.9659,59.1038,131.45
825,130.0753,92.2126,131.45
826,134.8323,103.6765,133.77
827,133.1601,94.9626,133.77
828,135.976,95.5747,123.35
829,137.5552,90.4738,126.82
830,143.6607,86.812,130.3
831,147.1522,93.9427,130.3
832,142.0895,87.027,119.87
834,142.2127,91.1612,127.4
835,138.3393,94.8295,241.48
836,130.3436,97.2203,241.48
837,129.1561,99.0186,132.03
838,115.3421,97.1313,132.03
839,116.918,90.9523,132.03
840,157.6602,79.4448,132.03
841,157.9675,44.8983,125.95
842,140.7397,56.3814,125.95
843,130.2373,99.6783,128.56
844,124.9742,100.7494,128.56
846,126.6274,98.7619,126.82
847,120.4951,98.0884,109.45
848,115.6907,92.6442,117.27
849,114.9902,102.1874,115.53
850,116.3102,102.2373,115.53
851,113.8521,111.0676,126.82
852,114.5194,110.917,126.82
853,118.6795,107.5302,132.03
854,116.4524,105.9673,125.08
855,120.0747,110.6084,128.56
856,104.4545,110.5086,126.47
857,100.7992,95.2405,127.69
858,109.2435,79.5997,132.03
860,126.7576,100.9932,130.3
863,124.2855,98.0574,125.66
864,129.8971,96.7241,120.16
865,122.1493,96.7977,104.24
866,124.4177,94.8757,92.08
867,137.168,95.397,92.94
869,128.6003,91.2328,95.55
870,127.0822,84.6452,114.66
872,125.7155,87.5568,121.61
873,127.0833,98.7822,126.39
874,116.9625,100.4484,123.35
876,126.4218,87.047,126.82
877,127.7848,95.1185,126.82
879,116.0753,89.8166,122.48
880,119.2873,89.9097,121.61
881,121.2703,96.8684,118.14
883,125.6859,95.2186,119.87
884,126.9201,94.7402,126.82
885,128.9471,96.5552,118.14
886,130.1734,98.2907,119.44
887,131.8323,117.8493,124.65
890,132.1494,112.7897,118.14
892,124.9784,120.6015,126.39
893,118.551,110.3669,126.39
894,117.7465,112.847,123.35
895,114.5041,126.8474,122.19
896,121.1308,145.548,119.87
898,121.1194,130.2539,116.4
899,121.9656,112.8387,116.4
900,115.5061,101.2686,121.61
902,114.2986,96.6088,118.14
903,120.518,101.244,118.14
904,121.7204,109.2053,126.82
905,125.069,107.5758,122.04
906,124.4736,87.4617,125.08
907,121.2681,42.6033,126.82
908,118.0537,44.0378,126.82
909,114.9541,64.6408,120.84
910,112.244,59.0089,120.84
911,111.9125,50.0505,121.61
912,112.8839,67.9735,121.61
915,108.2043,65.209,122.57
916,107.5467,81.3018,119.87
918,115.1808,85.9845,119.87
919,116.5192,85.0371,116.4
920,121.7407,77.976,116.4
922,120.1044,75.8436,124.79
923,109.969,85.0776,118.14
924,120.1359,88.8156,118.14
925,123.1815,84.7048,119.44
926,124.1098,85.1554,116.05
927,120.9464,83.3309,119.87
928,115.8071,91.7332,119.87
930,117.6094,95.1693,120.09
931,96.0656,92.5804,118.57
932,104.2296,96.5405,118.57
933,110.913,95.4065,120.45
934,118.5199,97.4872,117.27
935,123.9277,97.8839,115.53
936,118.3662,97.3604,115.53
937,114.0737,97.0303,118.48
938,113.4696,89.9529,118.48
939,116.7894,86.8953,122.04
942,115.5824,87.8679,119.87
946,119.4071,90.4415,121.03
948,115.5144,88.6819,120.57
949,110.9018,90.6913,119.52
951,114.732,97.6161,114.66
955,115.1873,94.4832,124.22
957,110.2625,90.0284,118.14
958,111.5983,90.4312,121.42
959,115.3412,97.4097,122.77
961,118.5364,90.5943,121.61
962,119.1129,94.0906,119
963,115.798,94.6026,117.27
964,115.798,94.4123,120.74
966,111.3536,88.5219,121.32
967,114.6138,80.3858,115.53
968,116.2884,89.3655,121.03
969,116.9108,92.137,118.14
970,117.8779,91.9574,125.08
971,114.4421,89.3785,121.61
972,108.5401,93.2676,120.37
974,104.6246,85.7079,122.48
975,109.6046,90.4299,119.87
977,110.2996,72.3079,117.09
978,104.3693,60.4472,125.52
979,108.1143,68.3817,122.48
980,111.5696,81.604,124.04
981,107.9626,88.7807,111.76
983,111.1283,92.1619,115.53
984,106.9149,90.113,118.71
985,110.3725,85.9994,119.44
986,113.1352,87.2266,119.87
987,108.2699,88.6156,124.65
988,107.1261,93.4157,118.52
990,100.1872,91.3774,122.77
991,93.075,94.2637,121.61
992,103.5695,94.3793,121.61
994,104.5297,92.3414,121.61
995,108.5414,92.025,122.19
996,108.2901,88.2244,123.35
997,111.0897,87.4194,121.61
998,117.1043,84.1666,119.29
999,111.3794,87.0535,112.92
1000,112.2475,84.8402,113.79
1001,115.4473,84.8305,120.07
1002,106.7479,84.6742,121.2
1004,109.4593,74.314,121.61
1005,113.9589,88.3137,121.42
1006,108.4072,89.9232,125.08
1007,106.367,88.981,123.06
1008,103.3666,85.9269,129.3
1009,107.3608,81.7507,135.51
1010,117.4497,83.0041,125.08
1011,116.3206,85.4923,117.7
1012,116.3585,87.1883,-10036.5996
1013,110.1643,87.4377,-10036.5996
1014,105.1052,85.7589,-10036.5996
1015,110.9218,87.3088,-10036.5996
1016,112.3516,89.6212,-5836.2485
1017,109.345,86.4343,47.232
1018,116.2228,88.1683,42.799
1019,115.7439,86.7395,39.5062
1020,112.6145,85.8141,48.7153
1021,107.7975,81.5526,56.6725
1022,108.0054,84.6349,56.8843
1023,103.7059,82.1328,45.2831
1024,92.9358,80.2218,44.0512
1025,85.9366,84.0195,47.7744
1026,108.2948,86.4543,51.2236
1027,109.4972,83.411,44.8625
1028,107.6632,82.804,45.0974
1029,99.0046,83.547,47.2584
1030,100.1385,83.476,51.4271
1031,103.1175,82.5292,50.2835
1032,107.3767,77.5425,45.603
1033,108.2723,80.7976,46.4595
1034,107.7053,81.1634,48.3776
1035,107.6523,75.7047,51.4006
1036,109.548,85.4234,52.4236
1037,105.7379,84.0255,50.9581
1038,107.1762,78.386,46.9046
1039,111.3245,82.4044,48.6685
1040,105.8579,81.0178,53.169
1041,104.0624,80.0602,51.9195
1042,103.5223,78.9805,49.2649
1043,102.8,87.2267,44.6791
1044,102.0732,82.8694,45.1827
1045,105.7169,82.7373,47.3794
1046,109.0241,80.027,48.6122
1047,110.5095,82.9782,49.2732
1048,111.9818,81.6827,43.7804
1049,104.9943,79.5508,36.932
1050,104.3047,77.7599,34.3054
1051,106.9483,80.7414,46.9612
1052,111.5749,80.7512,49.9187
1053,107.8784,74.7966,49.336
1054,106.0501,75.7372,47.521
1055,109.504,76.0035,50.7057
1056,112.2348,76.8635,51.1303
1057,115.4752,80.1311,49.1441
1058,117.6406,80.1566,47.9746
1059,104.7512,80.503,43.3735
1060,101.7077,78.8163,41.2392
1061,103.088,82.4246,44.4621
1062,105.2537,80.487,48.8862
1063,106.3724,78.418,54.4112
1064,106.6129,79.9635,48.2923
1065,101.8116,82.865,47.5845
1066,100.4166,85.6268,44.8634
1067,108.367,82.856,45.0205
1068,111.789,84.3522,43.8761
1069,111.888,79.9568,39.8903
1070,114.7523,76.5222,42.4279
1071,118.3909,77.3043,43.2662
1072,117.1949,80.8123,44.9848
1073,114.3486,78.1269,47.4705
1074,109.1243,81.589,48.3021
1075,118.241,82.6078,52.8587
1076,114.4022,81.4949,51.4871
1077,106.5137,81.6707,49.904
1078,106.2195,81.0802,47.4021
1079,116.1023,76.2291,43.4479
1080,110.0358,75.9177,44.7468
1081,112.6347,83.8773,43.4935
1082,112.651,82.6319,43.1046
1083,110.7226,82.1167,45.5187
1084,110.0854,79.0013,44.0195
1085,111.3193,77.419,45.5067
1086,112.3735,78.2656,46.0047
1087,111.4057,77.2415,44.7192
1088,114.2516,76.0394,44.3271
1089,110.1395,81.3322,41.4588
1090,108.5947,82.2204,47.1818
1091,111.4706,78.7676,48.0012
1092,113.4522,77.2651,48.8114
1093,116.0203,79.6863,50.3043
1094,110.291,81.3464,52.3079
1095,114.1419,78.8934,46.7352
1096,111.8029,75.8785,45.1357
1097,115.6684,76.6288,48.5055
1098,112.0668,75.6588,43.4438
1099,110.0164,77.9607,35.3757
1100,112.3122,78.0786,34.4251
1101,116.9283,70.5173,37.3813
1102,112.6569,71.5788,39.4507
1103,105.259,74.7795,69.5428
1104,107.179,75.1411,72.0821
1105,108.0055,74.1697,66.6529
1106,101.782,75.6262,83.1212
1107,108.752,80.4207,102.1402
1108,112.6105,77.7148,111.3838
1109,114.0692,74.5072,100.0987
1110,110.3649,76.2926,96.6388
1111,105.1064,78.0847,108.8351
1112,105.6751,76.6717,113.053
1113,112.7476,72.8891,107.5856
1114,118.9837,74.029,108.2964
1115,114.9588,79.2421,105.6774
1116,111.1105,80.1929,103.1513
1117,115.5483,78.2589,105.1088
1118,115.4891,77.7645,107.4918
1119,111.898,76.1554,108.8647
1120,111.786,74.8101,109.9473
1121,104.4994,76.4247,110.3353
1122,110.4413,75.1804,113.9821
1123,113.4178,74.5419,115.4482
1124,113.7296,74.8071,104.9063
1125,113.3235,75.7128,104.6586
1126,116.7272,77.8488,100.9077
1127,114.8388,79.5287,106.2158
1128,109.0748,82.7785,110.2024
1129,108.344,81.9318,115.8782
1130,107.821,81.5261,114.1442
1131,123.1887,79.973,106.3503
1132,121.1262,69.9671,105.8019
1133,118.7075,69.082,103.5937
1134,115.1553,72.5518,92.7961
1135,108.2176,79.1651,107.8023
1136,103.6653,77.3705,101.9738
1137,108.8249,76.1058,102.6434
1138,106.5279,76.8734,101.7757
1139,111.3546,75.8499,100.43
1140,116.9373,77.2156,99.5328
1141,115.6988,83.1573,105.8433
1142,119.1048,79.1811,108.5932
1143,120.0763,75.1532,109.4314
1144,128.2625,76.154,107.4439
1145,125.3261,78.3497,109.1262
1146,125.7082,78.9382,110.7174
1147,120.0096,77.7521,113.5942
1148,116.7272,76.489,113.0001
1149,115.7493,78.634,111.6517
1150,115.798,80.9285,113.2747
1151,116.2648,79.9698,116.1448
1152,121.5314,77.7241,117.3875
1153,116.336,79.6863,116.8983
1154,118.3743,79.5894,118.6102
1155,113.4336,82.7087,111.7308
1156,107.0252,81.4089,117.118
1157,105.5469,81.6982,128.864
1158,117.7002,81.25,123.096
1159,116.2585,60.4643,124.2308
1160,113.3321,61.0543,128.4683
1161,112.0945,77.7071,119.5272
1162,105.7066,84.3383,94.1169
1163,103.5274,78.1165,114.3514
1164,106.2102,77.5388,125.2439
1165,105.1671,78.3223,140.5171
1166,111.7041,79.169,136.6368
1167,111.4433,79.5957,122.5454
1168,110.9228,74.9845,116.445
1169,109.3486,83.0974,112.4947
1170,104.7439,78.4454,117.7513
1171,107.383,77.2908,125.2197
1172,113.9091,81.7203,133.7952
1173,114.2148,82.109,133.277
1174,113.9187,80.2195,130.029
1175,110.858,80.7262,130.7242
1176,107.9185,80.8869,136.2198
1177,108.4994,60.2494,127.1096
1178,117.3403,54.438,132.5889
1179,110.4219,63.6498,137.0247
1180,111.9983,79.0142,141.593
1181,115.0615,80.458,146.8837
1182,111.9552,79.4357,146.5267
1183,109.2374,80.5914,147.909
1184,111.9099,77.9214,149.6054
1185,113.8874,85.1126,138.784
1186,106.028,77.0967,123.3466
1187,113.4277,78.5495,100.2639
1188,117.0861,83.7369,107.8568
1189,112.3401,78.9872,117.2759
1190,119.8299,77.899,114.1796
1191,125.1447,79.3304,115.8429
1192,120.6449,80.301,116.2888
1193,100.8809,87.2501,145.8049
1194,116.2209,84.9538,150.6386
1195,113.3074,85.0157,150.3486
1196,116.9577,84.3857,160.6965
1197,120.4354,79.3028,149.9557
1198,121.3735,75.08,158.899
1199,119.732,77.9287,156.2198
1200,117.4929,75.405,156.0211
1201,117.1879,58.2615,145.6087
1202,113.3415,81.4889,158.6903
1203,109.8118,90.2526,161.4153
1204,111.0503,81.7763,156.7258
1205,113.6445,83.0742,138.5389
1206,111.8428,82.1011,95.3374
1207,124.4342,85.1197,80.9907
1208,119.276,87.3248,80.2156
1209,122.2617,77.68,132.9467
1210,116.2189,77.9522,158.1901
1211,114.2867,79.7665,169.0929
1212,112.9101,79.3023,171.1441
1213,117.5164,75.9205,171.7099
1214,113.7507,73.9462,171.5262
1215,116.8209,84.0676,168.4035
1216,115.1639,84.224,155.3188
1217,112.667,87.1477,135.4358
1218,116.9094,80.5402,140.6036
1320,126.432,88.7181,49.6995
1321,126.9981,86.1511,50.968
1322,127.7,80.7666,57.9603
1323,123.4761,85.3802,68.9721
1324,118.2756,84.6518,88.9016
1325,123.3557,79.6856,91.0785
1326,120.5947,76.6353,85.6183
1327,121.5224,78.2832,82.7041
1328,123.9228,81.6858,73.665
1329,125.3962,79.5332,80.1714
1330,120.6343,83.3968,89.2856
1331,123.5026,81.5612,89.799
1332,125.0046,83.7926,89.0141
1333,126.551,82.1543,66.2212
1334,121.8778,83.9959,64.954
1335,123.0083,87.6212,70.5575
1336,120.8862,87.3447,83.1095
1337,120.4684,86.9885,93.6001
1338,123.0537,86.826,100.566
1339,118.5126,81.4815,93.4935
1340,124.2864,73.4859,90.4702
1341,127.9857,66.8061,81.2162
1342,125.2165,75.2789,68.7017
1343,124.3176,85.056,74.6528
1344,130.4817,87.3197,95.6003
1345,129.3929,83.9351,104.778
1346,124.7128,77.5246,116.1219
1347,124.6195,78.5715,114.1256
1348,123.8253,79.0036,113.7384
1349,123.0815,79.1737,115.0209
1350,115.8081,79.9949,122.5187
1351,123.9617,79.1588,129.7926
1352,127.8888,78.9555,135.6124
1353,129.5947,74.7544,131.0801
1354,132.137,75.6051,134.5971
1355,128.5662,75.2028,143.4698
1356,125.6708,76.6759,143.6373
1357,127.9766,81.4905,146.1105
1358,127.5797,83.4943,139.5806
1359,124.9992,82.8225,97.5522
1360,124.7637,83.8135,92.1694
1361,128.1658,83.568,51.9945
1362,135.2121,84.7603,53.0237
1363,132.8524,81.6178,50.1501
1364,135.7361,82.9786,50.7391
1365,117.0687,80.1948,47.1295
1366,110.3586,82.7659,50.2975
1367,120.1313,87.4353,51.6906
1368,134.52,87.8984,51.8146
1369,146.5731,88.0808,53.4847
1370,148.1492,87.5804,52.8897
1371,148.6581,83.738,61.1126
1372,146.7751,82.9488,62.5062
1373,143.0298,83.5998,61.2176
1374,141.9462,90.5107,58.9648
1375,141.2028,89.985,61.7332
1376,153.0005,85.5263,73.1868
1377,152.0736,82.5481,77.0527
1378,155.2304,81.7231,88.6416
1379,173.3996,87.687,95.738
1380,178.8805,84.6845,97.5277
1381,157.908,83.6791,86.736
1382,128.9701,86.2984,82.1801
1383,126.4257,87.2621,72.8738
1384,132.0322,88.8044,75.1525
1385,132.8246,93.1079,76.3659
1386,134.2652,93.2875,78.8785
1387,132.6421,90.6081,83.1677
1388,123.9112,88.2864,87.0481
1389,137.3889,100.147,98.2381
1390,141.9095,100.8746,104.6509
1391,137.0854,108.7892,108.4787
1392,127.1023,98.6694,116.3065
1393,122.8877,93.49,108.9237
1394,129.2804,93.3942,96.2931
1395,137.6851,134.8348,91.8289
1396,141.5019,162.2958,87.6114
1397,139.8787,99.7552,88.2101
1398,140.5903,93.9478,94.0012
1399,140.6512,92.567,97.5102
1400,150.043,93.5539,103.2253
1401,147.0532,96.7988,104.2867
1402,151.2519,94.3571,105.7916
1403,146.1384,93.0243,105.6608
1404,146.8621,93.6224,105.2793
1405,148.591,89.3587,97.5797
1406,149.9086,95.9791,97.7419
1407,146.3902,95.0032,100.0844
1408,148.4176,89.7839,118.6607
1409,152.6748,73.2658,124.5906
1410,151.5183,73.5747,123.5529
1411,140.3816,91.4978,119.9026
1412,136.2648,86.3562,125.8345
1413,150.8625,92.6261,145.8357
1414,155.6078,91.289,148.7383
1415,142.0118,94.2498,127.5916
1416,138.5645,93.5478,119.4696
1417,139.4182,86.2898,124.1408
1418,126.631,82.9791,126.4546
1419,117.3135,84.6008,123.5862
1420,134.3441,84.6779,122.3326
1421,143.8091,89.252,137.1763
1422,144.2245,96.0579,139.5301
1423,138.755,95.0118,130.2235
1424,138.4321,90.8098,127.3903
1425,136.81,89.0576,142.1543
1426,134.084,89.6402,160.8481
1427,137.0928,92.6484,185.7523
1428,135.0838,91.2533,201.1851
1429,135.5369,91.5098,197.2697
1430,134.0205,89.6082,163.2113
1431,128.6973,86.7367,149.6151
1432,132.4593,85.9342,148.1014
1433,132.7766,88.4787,183.0512
1434,134.2672,90.295,184.3144
1435,127.4206,92.1282,154.1613
1436,119.1574,89.105,153.2854
1437,111.0268,81.8018,164.7959
1438,123.1802,82.4701,163.2393
1439,135.6021,79.8387,188.3666
1440,127.7283,77.3118,197.2828
1441,124.9252,70.7748,192.4342
1442,133.6876,78.6763,161.6874
1443,134.9904,84.6573,151.1375
1444,136.9524,84.5814,145.197
1445,131.6239,84.7143,180.6884
1446,128.7853,85.2687,195.3773
1447,132.5335,80.6297,189.0786
1448,133.9463,80.7277,155.86
1449,127.5427,81.0978,115.2928
1450,101.5665,83.3509,115.9779
1451,125.7376,79.7209,110.3537
1452,143.9671,82.5262,109.537
1453,149.2742,85.6447,104.3497
1454,150.7014,85.1921,99.407
1455,149.6238,83.6365,102.9763
1456,147.7246,85.3934,104.4615
1457,139.721,81.5614,98.1064
1458,146.7697,80.5865,93.9343
1459,152.2335,84.1685,84.7527
1460,144.0732,77.3545,88.8568
1461,137.2697,73.635,85.9737
1462,139.0619,73.6165,82.8321
1463,140.1514,66.3426,87.5751
1464,148.689,72.1917,91.2104
1465,146.8326,85.3322,93.3702
1466,148.9106,85.8643,93.9495
1467,151.1173,95.1798,101.0737
1468,156.0313,76.3042,98.8384
1469,154.8112,83.6119,68.0099
1470,145.0789,93.8787,69.949
1471,140.2814,92.2819,63.5725
1472,111.3988,92.9518,63.6123
1473,139.9153,96.5669,65.6967
1474,155.0961,95.9811,70.9433
1475,154.3764,101.7068,70.7861
1476,148.0809,103.427,65.1127
1477,145.601,97.3105,82.7135
1478,142.9957,98.2687,87.269
1479,143.6696,96.2217,86.6737
1480,141.4087,86.619,90.7741
1481,137.8791,84.2357,99.7828
1482,143.3737,68.8909,96.3795
1483,149.077,71.7088,91.3015
1484,153.4083,72.9534,95.1539
1485,145.0786,81.2072,94.5482
1486,139.4528,88.5619,98.541
1487,132.7968,82.0474,98.282
1488,142.2733,86.9273,95.3179
1489,140.7261,89.6353,101.6077
1490,137.2324,91.8559,100.7027
1491,140.8226,91.9284,99.8025
1492,142.3947,97.9908,94.4866
1493,131.8978,88.5399,90.5968
1494,129.2248,85.783,96.1952
1495,134.069,91.8678,96.3355
1496,142.6069,90.1734,98.9425
1497,138.7817,91.0041,109.3751
1498,135.8999,87.8419,112.4624
1499,141.7529,77.9413,102.8096
1500,141.7745,77.7461,103.6203
1501,140.9816,89.615,109.9445
1502,140.4809,87.4363,113.1855
1503,143.5954,87.7848,102.536
1504,146.0176,94.5882,116.3638
1505,145.9936,96.351,124.3543
1506,141.8139,94.1554,124.0145
1507,138.5891,90.6145,114.0879
1508,148.7895,92.2005,107.6269
1509,142.0299,86.6837,96.1292
1510,135.5844,84.9824,105.3078
1511,135.6151,80.3643,83.2367
1512,135.1862,82.4421,78.9396
1513,144.1439,81.2148,99.5742
1514,135.5223,86.783,104.0314
1515,140.0232,90.4454,138.1599
1516,140.8152,91.466,147.3588
1517,133.9326,91.7697,175.8715
1518,131.3774,87.1357,166.8182
1519,140.2384,84.5374,137.7306
1520,141.9473,86.957,132.3568
1521,140.8719,86.9911,131.6257
1522,142.6323,86.2163,121.3161
1523,141.3589,89.3356,113.3945
1524,141.6101,83.667,107.2692
1525,139.7668,89.3634,103.4013
1526,148.4021,90.452,102.4145
1527,150.7848,87.4128,103.2236
1528,150.7443,86.6034,101.6239
1529,136.6112,85.1056,73.1162
1530,131.5808,86.0382,79.8761
1531,144.9377,126.1929,108.1568
1532,158.6401,146.632,114.6925
1533,153.5228,170.7367,113.2841
1534,154.9682,93.6228,116.3293
1535,167.6448,87.1494,109.4807
1536,170.66,89.0202,108.3922
1537,142.2803,89.5534,110.1909
1538,116.0566,90.5992,114.341
1539,112.9468,92.4145,109.1114
1540,103.7517,96.2384,103.7745
1541,83.9153,96.2816,84.7382
1542,81.3709,95.5333,109.8643
1543,81.8383,88.691,116.2775
1544,92.4562,87.5489,122.0655
1545,107.285,88.6402,121.8779
1546,116.3472,95.3853,110.6592
1547,115.6339,95.3774,106.653
1548,114.3953,93.321,108.5877
1549,115.0287,93.6669,103.4177
1550,114.9958,93.162,104.3546
1551,116.856,89.332,105.7435
1552,120.2849,89.0736,110.3802
1553,115.1521,93.0324,115.0208
1554,90.9086,93.5465,103.1945
1555,89.8875,95.7418,104.0949
1556,94.4082,98.7333,102.2426
1557,90.7035,99.6988,104.3214
1558,94.6956,102.8224,110.3623
1559,103.3879,91.238,109.7867
1560,112.7157,92.2737,111.2947
1561,103.6419,91.7568,103.8059
1562,97.4853,97.1073,97.0028
1563,94.8764,124.5229,92.9743
1564,117.4312,131.278,92.36
1565,109.195,163.3619,94.6022
1566,110.8572,213.7663,98.8575
1567,127.9005,219.3905,104.3128
1568,125.0754,164.8679,98.0314
1569,115.8604,168.1041,97.612
1570,115.3631,152.7712,96.438
1571,121.5864,140.9113,100.5879
1572,129.1899,130.8192,96.5107
1573,129.8618,118.5202,93.1237
1574,129.2424,105.7812,90.1782
1575,135.9841,98.5468,88.4163
1576,136.7391,111.0213,92.6408
1577,134.0554,119.1532,93.9487
1578,122.8596,132.5233,100.0409
1579,98.6374,177.7127,99.7274
1580,124.6927,157.1538,99.8094
1581,158.1309,100.8864,97.5929
1582,169.5706,92.6734,100.6642
1583,144.1929,89.734,101.8186
1584,119.1998,85.9646,110.9837
1585,112.4036,84.907,111.7012
1586,98.7659,87.4601,112.3035
1587,122.9819,80.0748,113.0916
1588,125.8224,77.1418,114.6764
1589,106.5787,66.1986,107.6782
1590,97.0298,66.4206,107.8478
1591,86.6498,65.5941,109.9112
1592,89.4356,67.2368,118.5681
1593,120.3348,69.84,123.366
1594,129.0205,65.4908,127.0753
1595,121.6422,72.3484,108.4176
1596,122.683,76.9639,112.6315
1597,109.8785,76.6278,108.6401
1598,110.9183,77.7122,109.206
1599,109.3567,77.0849,115.8842
1600,115.8203,69.9283,111.4992
1601,125.3968,52.5484,105.2451
1602,130.8496,52.0962,106.9016
1603,128.1806,71.5616,108.3628
1604,127.7703,72.3255,116.0068
1605,127.452,69.0415,117.1199
1606,132.9798,70.0783,123.4915
1607,136.2996,73.0149,129.7068
1608,136.6525,76.0296,122.7921
1609,131.5603,79.6352,122.8527
1610,108.8428,79.6034,124.6722
1611,108.1516,75.2256,122.3124
1612,125.2342,60.4267,124.5096
1613,141.5304,66.5556,127.1446
1614,140.4879,77.7956,122.9584
1615,138.8028,77.7389,126.6149
1616,140.121,78.7356,130.6646
1617,118.5452,72.859,139.8057
1618,117.6122,73.4607,130.1123
1619,116.8004,77.5233,125.4951
1620,115.0183,77.8689,127.4456
1621,114.4862,71.6198,125.6231
1622,117.7331,67.536,124.7959
1623,124.5428,66.0739,119.8064
1624,122.3121,69.7254,127.8129
1625,118.3387,76.9526,138.4348
1626,117.4155,72.9796,143.0963
1627,117.2698,75.2557,147.7076
1628,121.3647,76.6127,133.923
1629,127.8908,81.5686,125.2828
1630,134.2619,83.8129,127.2273
1631,123.9674,84.4362,134.4308
1632,116.7488,87.4538,134.6564
1633,113.0632,88.8039,131.448
1634,109.738,88.5467,131.245
1635,92.0399,87.8803,136.4586
1636,102.8899,96.0847,136.7776
1637,115.4209,110.2223,141.9495
1638,120.2295,107.1812,131.2095
1639,119.829,93.8665,129.8439
1640,117.0394,80.6217,127.0502
1641,116.6887,85.9443,125.9978
1642,120.2214,92.0377,133.1086
1643,115.6446,88.9729,125.0924
1644,119.171,85.3611,128.3631
1645,110.3725,93.2227,131.6923
1646,108.5323,105.3354,131.8368
1647,106.3403,68.427,134.7646
1648,114.9172,56.5908,140.4016
1649,120.7023,67.0308,137.1418
1650,123.3647,96.9188,134.7554
1651,121.9291,133.6475,119.3278
1652,120.9199,105.2544,119.6432
1653,125.5607,76.9777,117.8474
1654,131.2501,68.3252,121.1399
1655,134.3096,78.7944,123.2338
1656,133.4148,83.8351,128.2274
1657,131.5627,89.1824,126.2601
1658,129.0508,76.6055,116.2434
1659,130.4468,78.8576,116.3926
1660,130.9071,83.0352,111.5423
1661,135.0547,73.7294,122.7573
1662,145.7164,64.1951,126.7192
1663,151.3027,68.4511,134.0921
1664,141.2592,88.1476,141.5938
1665,138.8098,93.4569,137.1467
1666,130.6418,94.015,136.3989
1667,129.202,93.51,135.6636
1668,136.4727,90.7452,131.7499
1669,137.881,90.5692,136.7084
1670,135.8756,90.1671,137.9279
1671,130.9357,91.8203,141.5112
1672,131.1593,85.3003,139.5625
1673,132.3524,85.6015,135.4491
1674,137.7335,84.4568,133.0413
1675,138.1311,88.0334,125.0937
1676,141.0717,93.2273,124.5549
1677,146.0167,96.6359,124.8714
1678,146.1023,98.2491,122.6334
1679,146.5228,94.9036,118.775
1680,143.4066,83.4902,119.8207
1681,146.4675,77.0507,113.2775
1682,144.8899,77.5799,109.3176
1683,147.9097,87.6659,114.7476
1684,154.4037,87.0467,122.434
1685,157.3443,84.7391,124.7577
1686,152.5585,90.0332,123.7084
1687,145.9734,86.0302,122.636
1688,148.1771,85.5334,121.916
1689,143.6124,89.1856,122.8104
1690,141.5246,91.5323,117.7544
1691,153.1794,90.9376,125.715
1692,156.0172,84.8815,114.0798
1693,164.6359,78.3695,111.2284
1694,162.0474,75.7677,105.6384
1695,158.0078,67.8023,99.8097
1696,155.5263,65.9252,102.6693
1697,148.9655,77.1746,103.3716
1698,148.8097,80.3421,104.3916
1699,149.4518,83.3982,99.1671
1700,154.3179,86.6487,97.0826
1701,161.7409,79.068,94.1687
1702,150.939,76.0453,97.4909
1703,152.9338,78.8696,106.3577
1704,156.9012,79.7825,102.4103
1705,158.7999,76.47,96.6232
1706,146.2683,73.2095,96.8251
1707,143.9051,74.5167,102.6908
1708,146.4433,75.4269,100.4857
1709,143.506,76.1242,98.7547
1710,145.7348,79.056,98.399
1711,152.4779,80.0919,97.1509
1712,146.1387,83.4797,99.5506
1713,149.4278,83.5013,99.9227
1714,153.8734,80.7604,99.8088
1715,154.1187,82.9066,98.839
1716,159.8036,84.0626,100.6465
1717,151.9061,84.7603,91.876
1718,153.3401,83.7912,91.3986
1719,137.8362,87.3088,94.823
1720,134.1395,87.9476,94.2461
1721,136.7318,100.8357,87.2424
1722,144.895,99.9666,88.4123
1723,138.3237,96.0418,94.0084
1724,136.5403,99.7518,95.3453
1725,135.0035,105.0286,99.5053
1726,135.141,101.5736,97.2415
1727,137.6661,89.538,96.8306
1728,133.6049,89.6119,74.1897
1729,145.9629,89.6957,75.8687
1730,148.4275,89.9052,88.5515
1731,151.6836,90.3045,100.8702
1732,152.6665,89.9056,101.1038
1733,155.3772,88.0333,115.2745
1734,155.8193,89.0362,126.3623
1735,158.6834,91.6009,110.9641
1736,150.4563,89.9534,100.191
1737,145.9926,91.9517,86.9175
1738,152.9777,108.1112,95.9086
1739,152.8568,104.6205,94.0654
1740,148.2011,101.8859,88.7518
1741,156.7709,100.7986,87.2092
1742,155.6069,105.0373,84.5747
1743,145.7371,100.8168,120.8131
1744,143.0732,105.2182,100.6278
1745,143.5373,105.2549,94.8561
1746,142.8142,104.7683,74.1351
1747,143.5551,105.073,66.7432
1748,147.7555,110.0534,67.2665
1749,143.4219,111.6416,63.9203
1750,143.2775,104.145,71.3555
1751,140.2141,104.7467,73.5282
1752,130.9061,108.019,75.297
1753,131.4335,107.2229,75.2756
1754,133.0332,101.6696,67.0629
1755,130.2939,95.8472,59.252
1756,128.0237,99.4595,51.5421
1757,131.2258,116.2224,69.6955
1758,137.8816,122.6664,64.4666
1759,139.4352,121.6983,65.7602
1760,138.2637,118.9103,68.0135
1761,140.7627,114.5997,67.5281
1762,138.1431,111.4464,71.3967
1763,138.8633,115.1894,70.7501
1764,139.4225,115.115,72.348
1765,140.8161,105.5942,70.6393
1766,135.8774,106.1458,71.2826
1767,127.6994,106.8055,75.3604
1768,128.8812,109.055,72.7
1769,130.8948,116.5708,68.9407
1770,129.369,119.3493,74.6909
1771,130.1022,111.4342,70.4707
1772,128.9339,108.7877,59.6125
1773,128.744,103.5732,73.1673
1774,128.322,104.112,78.3592
1775,129.9408,108.2369,86.4449
1776,130.5975,120.467,115.6157
1777,131.7454,119.2447,119.1027
1778,132.4212,113.2542,117.9222
1779,122.7334,119.6473,117.9219
1780,102.6413,122.5603,107.4502
1781,100.1346,113.0189,112.5188
1782,104.7285,113.9089,111.2131
1783,111.4533,108.5504,92.5353
1784,113.3166,102.9125,96.2765
1785,108.8999,92.9189,97.9367
1786,108.1999,95.9696,95.4954
1787,102.8785,113.1446,94.3694
1788,94.1578,112.7835,99.4584
1789,100.5611,105.8376,101.1276
1790,106.0098,102.6835,99.9459
1791,105.8371,98.0398,101.3789
1792,111.8474,98.462,97.5744
1793,103.9964,95.2437,100.2766
1794,105.9396,103.4082,100.3121
1795,109.5316,117.8948,108.2439
1796,116.792,125.1529,97.376
1797,119.6066,121.1178,95.5679
1798,121.7087,123.0697,107.8401
1799,132.8802,121.1579,116.6207
1800,95.1729,124.9645,109.2107
1801,81.9763,129.2291,113.6301
1802,71.5835,116.7315,135.1164
1803,65.4922,103.6132,113.1489
1804,80.3407,104.5715,113.6593
1805,84.4823,104.6322,97.6425
1806,88.7651,104.0376,97.064
1807,88.5256,106.7082,101.6798
1808,89.8154,104.9123,105.6436
1809,94.9985,102.7262,105.6426
1810,92.6228,102.5141,104.6093
1811,89.4278,103.0575,110.9611
1812,92.5116,107.0766,96.3972
1813,93.8554,106.8004,89.7941
1814,88.1308,106.4051,90.0042
1815,87.9094,104.1509,111.6419
1816,86.6163,107.3851,116.6764
1817,88.128,109.211,120.9589
1820,87.0344,109.211,123.1446
1864,121.1854,28.1733,93.9704
1865,108.3982,35.1426,116.9718
1866,112.361,55.4206,109.7289
1867,113.5012,64.0993,93.763
1868,113.7241,65.9777,93.2513
1869,121.2074,76.7701,99.6701
1870,133.5788,80.6136,102.1904
1871,133.2526,84.3743,96.8352
1872,142.3136,83.9911,87.9772
1873,147.5783,83.0265,82.0604
1874,150.6848,69.3797,86.4345
1875,130.18,46.1864,82.6632
1876,117.6336,51.8385,82.3159
1877,103.7723,88.048,64.0513
1878,106.721,97.8597,63.336
1879,120.1972,120.9815,68.5666
1880,114.4073,92.3289,95.5394
1881,110.4997,66.5402,91.5224
1882,101.8861,42.6153,90.3151
1883,105.368,40.9682,82.0241
1884,109.4255,40.4907,104.5545
1885,101.3498,44.366,107.7531
1886,91.9689,52.1546,107.2312
1887,83.8824,55.5124,107.521
1888,81.9549,58.1804,108.7054
1889,86.4132,53.4608,86.88
1890,86.6142,43.4965,64.1233
1891,86.01,43.4263,67.0078
1892,88.6035,47.0491,69.2907
1893,87.4448,49.5887,63.5422
1894,91.1683,52.36,68.9325
1895,97.7576,51.9714,62.3661
1896,123.3068,48.3525,57.9026
1897,106.3594,49.0639,60.2299
1898,95.6122,50.733,67.0619
1899,108.8635,55.0194,80.0402
1900,99.077,55.7528,81.2347
1901,96.2747,58.8431,66.6881
1902,95.2791,57.579,64.1215
1903,91.3557,50.9726,90.4512
1904,95.5406,51.3928,92.677
1905,101.7098,52.7165,77.1554
1906,120.4837,52.703,86.9283
1907,147.1949,45.6474,82.2929
1908,131.5243,44.7749,79.1447
1909,103.0852,55.459,70.1931
1910,105.7586,60.7412,91.7037
1911,103.5996,70.4855,88.851
1912,103.2469,81.9305,83.993
1913,108.0223,86.204,89.3238
1914,110.9469,83.4826,85.9207
1915,100.4436,80.7997,89.7122
1916,98.0896,88.6883,94.586
1917,95.2027,84.7416,102.7319
1918,102.963,68.796,82.8203
1919,126.4922,71.442,80.1429
1920,106.2671,70.5186,88.0609
1921,104.2053,72.1724,102.6377
1922,113.3407,71.9456,106.9596
1923,114.9873,64.4454,123.8929
1924,115.2491,65.3851,115.4851
1925,117.848,78.5251,129.8297
1926,120.4169,79.4404,123.3767
1927,120.8249,68.7583,117.6282
1928,120.5534,67.5545,116.6216
1929,120.4589,66.1427,123.4336
1930,118.4923,67.2055,128.3895
1931,108.8716,79.51,123.4629
1932,114.9511,79.875,126.0786
1933,114.4962,76.3955,122.1214
1934,107.0617,71.1404,123.9762
1935,104.198,71.401,111.4933
1936,103.5904,78.202,116.5852
1937,94.4387,87.4453,119.2278
1938,95.4762,87.9793,120.2166
1939,113.8477,101.5423,120.4722
1940,108.9781,97.6101,124.3205
1941,108.9655,84.8109,119.738
1942,117.6776,77.4032,122.9679
1943,104.4272,72.9691,114.0719
1944,110.4518,74.3686,114.0266
1945,115.1762,83.5046,94.6786
1946,85.2989,83.3455,83.5139
1947,85.5564,81.0029,91.7732
1948,90.9861,79.3758,92.3186
1949,91.4153,75.7458,92.5846
1950,94.167,70.329,94.6217
1951,84.784,62.2649,102.793
1952,81.3516,76.7999,105.3495
1953,81.2918,88.4219,92.8475
1954,84.4263,90.046,88.664
1955,85.3705,96.5061,92.7024
1956,85.5849,102.6378,92.727
1957,80.436,103.0179,94.2586
1958,87.9982,86.7358,99.2339
1959,90.8677,72.9121,110.5978
1960,90.7376,75.1895,93.6711
1961,88.8021,76.1196,79.287
1962,92.3529,69.9604,88.329
1963,96.7439,66.3552,87.8098
1964,88.3144,72.538,84.4241
1965,88.9699,63.2095,91.5485
1966,91.9778,68.4527,91.7092
1967,96.8429,66.2035,91.989
1968,107.0736,59.4871,96.66
1969,106.0837,68.1838,90.1054
1970,117.425,75.0506,91.6923
1971,119.219,88.6663,91.1518
1972,121.3247,81.7158,93.1726
1973,119.1237,72.3278,97.2612
1974,108.1979,57.9214,97.7166
1975,111.1091,51.2957,95.1068
1976,117.4415,53.46,97.3698
1977,115.0803,47.349,102.2291
1978,107.313,48.5677,103.3506
1979,97.0994,78.1426,101.4547
1980,125.5985,91.5218,99.3734
1981,133.915,43.3558,99.3794
1982,135.6705,40.6384,98.3602
1983,139.0797,44.91,101.1595
1984,129.7966,50.2619,100.7751
1985,133.2264,55.3144,102.0037
1986,129.5923,57.3492,103.3886
1987,129.1232,60.0692,102.8525
1988,138.5779,62.7933,94.475
1989,138.3514,66.6673,98.8598
1990,139.9785,67.2032,104.5659
1991,136.9123,82.7495,103.737
1992,144.0731,86.8193,99.2068
1993,145.9209,94.9032,81.4166
1994,138.5181,83.4765,82.3456
1995,142.3009,68.0208,95.2821
1996,147.7615,68.6536,93.8901
1997,132.5578,73.5933,80.7342
1998,128.2422,77.1887,85.8274
1999,137.8612,84.5802,90.4576
2000,139.7135,76.0232,88.9463
2001,136.2735,72.3441,95.7309
2002,135.8812,67.6918,95.6821
2003,130.3443,67.5192,94.8825
2004,109.2849,66.2723,91.4858
2005,97.4828,67.2786,100.7755
2006,91.768,68.9164,100.1597
2007,110.6742,72.9704,99.1129
2008,114.9165,78.9333,92.5402
2009,114.9553,77.3789,91.571
2010,116.0988,75.4421,94.4546
2011,105.0631,76.5404,91.396
2012,107.2935,73.7573,93.8236
2013,111.0834,56.3318,91.6959
2014,118.2768,56.7943,93.0592
2015,110.1896,73.8595,93.3089
2016,110.9384,76.609,90.6073
2017,120.6189,60.2525,84.6895
2018,109.9598,53.0399,67.8415
2019,101.0257,50.1582,78.6462
2020,94.6353,58.5752,80.4101
2021,95.1702,60.6575,82.6304
2022,106.7329,54.391,87.3951
2023,106.1013,50.8871,85.4188
2024,89.1222,53.742,81.4691
2025,94.3053,68.4541,90.1229
2026,101.2554,69.0957,91.1899
2027,109.9596,80.3794,93.4446
2028,108.9034,86.6245,97.0834
2029,115.1013,86.4884,110.2195
2030,114.5861,79.5561,107.0243
2031,116.681,49.8699,105.7824
2032,117.3688,50.1627,103.775
2033,105.4882,51.7682,109.411
2034,101.6892,48.7285,103.0933
2035,116.497,42.1061,99.7546
2036,122.3609,42.8412,98.2847
2037,127.9685,48.0773,101.6107
2038,123.9981,49.4046,96.6906
2039,116.2558,58.2467,104.3878
2040,117.2335,57.2645,105.0818
2041,106.066,54.6362,115.235
2042,117.0619,56.4108,109.691
2043,120.7035,54.619,83.4487
2044,116.486,54.1872,69.8422
2045,114.638,62.8124,70.3827
2046,112.4095,57.4834,85.6975
2047,112.9303,56.3479,103.6436
2048,111.7106,56.4036,97.6443
2049,122.0317,62.5584,112.7473
2050,106.2706,65.4551,106.8168
2051,103.9495,63.6042,106.7181
2052,104.1482,62.2824,113.1631
2053,103.2701,67.1607,102.9901
2054,101.991,72.7897,96.6393
2055,98.4517,69.2986,112.4001
2056,96.025,66.9834,130.6378
2057,99.1503,72.6318,127.8672
2058,96.6654,74.2984,126.4717
2059,108.3468,65.0706,107.7319
2060,110.178,66.8944,85.8743
2061,111.6409,65.6949,93.561
2062,115.0278,69.025,96.7911
2063,120.9295,82.136,103.0819
2064,118.7377,83.4717,97.9999
2065,109.0151,90.7828,94.9934
2066,108.4154,91.3129,99.7613
2067,116.0095,92.8859,96.8629
2068,117.4662,91.5125,98.3419
2069,114.4555,88.6752,100.2407
2070,115.8484,97.7304,120.8715
2071,112.9738,97.8868,121.4941
2072,115.4514,97.985,122.7329
2073,115.2311,94.4007,127.4992
2074,114.2567,98.3779,132.6446
2075,107.9843,98.0068,125.3916
2076,90.203,87.2429,124.6573
2077,90.1675,89.2874,120.8293
2078,92.3515,90.2584,129.72
2079,91.9826,89.5634,137.789
2080,104.7187,91.0645,138.8052
2081,102.5985,95.1045,132.5463
2082,103.4668,93.1367,124.8277
2083,102.4165,87.9786,126.2765
2084,102.8687,87.2878,126.2906
2085,110.2915,87.3647,121.7077
2086,111.3124,80.6996,121.0515
2087,112.6574,65.9033,110.2818
2088,116.5009,63.898,117.3745
2089,121.2481,73.687,126.1094
2090,127.1503,73.3586,129.7479
2091,126.0643,71.4125,125.559
2092,122.3805,73.1336,127.2265
2093,128.3714,82.3746,117.6365
2094,120.6582,86.1903,114.6751
2095,109.4075,71.0241,118.7061
2096,102.5414,58.7356,113.942
2097,118.9042,62.3111,112.3679
2098,119.964,66.485,108.2782
2099,118.3034,80.9517,119.2508
2100,118.8447,83.1825,121.5775
2101,110.179,79.3216,103.9447
2102,111.692,76.7865,128.783
2103,118.1032,66.771,146.3771
2104,107.9878,60.1674,175.2564
2105,112.6889,56.4854,217.68
2106,126.1963,60.598,162.7776
2107,138.3082,66.5246,95.1478
2108,139.2886,68.7553,105.4722
2109,133.1537,67.457,118.5042
2110,124.076,69.3,138.7462
2111,132.5759,70.5196,170.1345
2112,149.2382,70.9987,167.3545
2113,163.7132,76.7122,133.4025
2114,152.9413,76.074,124.6212
2115,145.1838,70.6922,99.9498
2116,123.2412,73.1172,78.2059
2117,104.955,72.1405,82.2271
2118,108.5941,72.3319,85.674
2119,128.0387,74.7356,102.8733
2120,119.1598,74.1202,108.1808
2121,116.6476,77.0031,117.5973
2122,116.1089,75.6391,139.5417
2123,111.0381,73.7934,145.7616
2124,113.5133,73.1663,150.1505
2125,118.0191,74.6653,140.3783
2126,121.5526,75.5877,133.4551
2127,138.2228,84.495,106.6213
2128,145.3589,80.0898,105.0587
2129,146.6091,76.1762,113.7418
2130,145.4538,77.0803,126.4214
2131,146.0661,79.9637,136.3703
2132,142.8064,69.8392,149.3822
2133,146.8023,59.3204,148.6138
2134,147.7526,68.8175,147.8683
2135,141.6868,63.7686,142.6873
2136,139.8434,64.8335,142.3571
2137,144.0473,67.9469,136.9786
2138,148.8925,60.341,120.3219
2139,155.3131,57.1076,126.9753
2140,156.1682,64.1683,138.5659
2141,150.0369,67.0824,120.3144
2142,136.8993,71.0068,110.2001
2143,134.3825,74.6897,107.4873
2144,138.1104,84.2234,79.1982
2145,138.6619,83.258,80.1816
2146,129.8837,78.6278,88.2308
2147,117.27,74.7323,116.481
2148,129.6413,79.3382,125.5036
2149,132.5156,77.1607,92.0634
2150,132.1568,72.4102,92.4529
2151,128.6233,71.9903,115.5534
2152,139.0432,71.5004,124.7088
2153,147.8113,68.9792,191.8764
2154,150.6268,69.5291,185.4543
2155,128.5378,66.5529,117.9623
2156,129.2964,71.5918,108.2524
2157,130.7567,77.3922,120.5353
2158,133.4992,73.4861,110.9456
2159,125.1183,52.8128,84.5583
2160,131.8172,51.6359,82.0414
2161,138.2512,55.5256,87.1293
2162,143.6176,61.7895,90.5534
2163,138.2238,63.1289,92.4485
2164,146.1405,64.8803,94.1593
2165,165.6299,65.772,92.5053
2166,181.2585,66.1915,97.7454
2167,172.1065,64.9746,107.0314
2168,146.0785,69.9622,117.0414
2169,142.1239,76.0162,134.3224
2170,150.8936,79.7952,138.4676
2171,170.5179,79.6639,123.6321
2172,140.3763,80.623,123.8966
2173,120.257,81.953,121.536
2174,132.3006,80.1453,122.9343
2175,134.1444,80.8396,138.3972
2176,134.1149,81.0783,134.5283
2177,124.7113,79.5894,121.6252
2178,134.4626,77.7962,115.833
2179,146.463,75.0214,120.1493
2180,133.6897,73.4598,120.9349
2181,153.9087,81.7097,114.6948
2182,164.5818,84.9628,115.2303
2183,173.4664,84.0039,138.2902
2184,176.2516,79.5928,139.7474
2185,160.414,73.5578,140.1244
2186,138.2211,81.1562,136.9043
2187,137.4004,93.6459,146.1445
2188,149.878,95.2237,111.1085
2189,157.0172,88.6184,97.7746
2190,158.3181,87.8472,116.0039
2191,151.3622,91.3235,139.6801
2192,170.6343,84.1886,128.132
2193,163.2558,85.3577,122.86
2194,154.7364,93.3398,125.4023
2195,137.3278,85.7716,124.2955
2196,139.6911,91.5271,121.0431
2197,166.6109,98.1674,124.4803
2198,169.3576,102.0434,126.1195
2199,160.9378,69.9919,124.2985
2200,134.2857,67.0488,111.2987
2201,139.4821,68.6236,94.8419
2202,141.8216,74.2617,83.563
2203,141.8734,75.2615,88.6512
2204,141.5532,75.2928,95.4627
2205,139.2523,77.685,100.6549
2206,129.249,71.1727,115.6931
2207,117.9414,55.7366,121.0111
2208,124.9357,54.076,123.9442
2209,141.6237,68.8965,119.5793
2210,154.538,71.3907,115.5206
2211,150.2497,67.4705,122.3358
2212,149.7465,65.0469,127.0507
2213,147.4115,67.1486,117.9338
2214,147.0192,65.3556,115.3187
2215,141.4782,64.7245,100.3255
2216,139.8264,63.8391,113.736
2217,142.7211,63.9311,117.2751
2218,130.136,73.0883,114.0024
2219,114.2157,88.7698,120.4954
2220,115.2447,90.4107,126.8225
2221,109.6969,95.9164,122.3406
2222,109.2363,100.7746,123.7309
2223,112.9801,106.1236,126.9344
2224,132.266,112.5758,136.146
2225,137.3181,103.6288,144.7885
2226,144.7085,101.1423,138.7627
2227,160.7769,99.6487,88.0782
2228,170.6402,97.1341,66.1626
2229,170.8898,96.251,66.6729
2230,163.1807,88.9895,75.6644
2231,162.233,85.2849,79.5826
2232,164.2901,93.321,80.9341
2233,163.3689,94.9465,86.4354
2234,166.1229,94.226,99.3595
2235,160.9757,94.1074,116.8107
2236,156.9249,96.9109,113.6754
2237,140.311,94.6826,124.535
2238,115.45,88.6141,125.5574
2239,136.1646,89.2029,122.3069
2240,144.3459,88.4612,122.6028
2241,159.7818,85.1594,120.7001
2242,171.7596,85.2303,113.1477
2243,179.3932,81.7927,94.5364
2244,178.828,87.2474,94.9247
2245,172.2336,94.872,121.8734
2246,162.8499,98.9145,86.0775
2247,141.0038,118.4283,74.7804
2248,127.7465,160.2409,90.6616
2249,140.5978,175.3019,122.6986
2250,138.1328,108.3275,115.9174
2251,132.8879,103.4666,127.5246
2252,122.0156,90.6316,132.3862
2253,136.6861,92.5542,134.7659
2254,114.3666,109.8112,137.6479
2255,124.9885,146.7617,124.6012
2256,129.4706,145.7229,121.9884
2257,154.9424,91.7862,115.4061
2258,154.0081,89.6017,110.73
2259,152.2221,70.6491,100.0749
2260,133.3996,50.0647,115.8912
2261,121.3298,55.57,118.3626
2262,136.0456,68.3436,131.446
2263,144.2541,69.8965,129.9795
2264,148.3873,71.645,130.3261
2265,134.7307,74.3936,130.3246
2266,130.7692,88.3878,131.6305
2267,95.5705,113.0992,137.5898
2268,95.3558,113.3212,134.7494
2269,111.0722,113.2339,129.4427
2270,120.3091,101.7742,128.89
2271,155.6675,87.0232,129.9378
2272,173.1404,81.8562,122.3162
2273,152.8892,89.6011,119.713
2274,125.4191,95.397,115.4786
2275,132.7483,110.6402,114.1729
2276,111.202,117.6474,122.0299
2277,106.7664,117.441,122.0908
2278,99.8003,115.9499,114.4313
2279,104.2592,106.5064,122.2576
2280,93.1291,108.8895,128.3398
2281,92.6327,112.6369,131.0566
2282,92.8382,108.6202,138.2781
2283,95.0565,101.8766,146.0577
2284,109.1851,103.3067,146.0102
2285,125.2955,112.9487,156.089
2286,145.9511,112.6005,150.2373
2287,178.2135,105.4087,103.2647
2288,176.2071,90.0698,89.7941
2289,164.4691,58.1552,99.2245
2290,155.2458,56.6394,108.5793
2291,154.3431,69.0825,132.8144
2292,135.4723,71.9861,107.8153
2293,94.3226,97.8962,104.9943
2294,94.0123,103.3674,97.7799
2295,98.9,106.313,89.3608
2296,103.9848,102.6688,91.0176
2297,119.4941,104.9471,93.4556
2298,129.2795,102.9645,97.5745
2299,143.3972,91.2738,103.0603
2300,144.1104,86.5325,90.9009
2301,138.4789,85.5606,85.9301
2302,139.0395,84.4436,89.564
2303,128.9581,85.1151,86.6808
2304,129.8197,86.428,86.3248
2305,142.4836,87.6918,91.6127
2306,142.3889,89.1525,94.7693
2307,146.3495,100.603,94.5857
2308,151.6764,103.0403,96.2793
2309,132.1533,99.7637,99.6452
2310,102.1793,89.2007,103.7161
2311,126.0069,81.1037,101.6401
2312,155.2415,90.7701,101.6411
2313,151.7079,92.449,104.6147
2314,146.391,92.1626,110.9001
2315,151.6019,88.8718,125.9012
2316,149.1703,88.7865,110.8696
2317,150.7919,97.0304,127.9638
2318,147.2184,97.1593,127.1123
2319,152.901,85.5847,113.7731
2320,156.5719,88.5488,116.499
2321,152.6198,107.8175,119.3692
2322,149.9433,108.6905,117.4728
2323,124.8828,110.6076,116.5032
2324,132.8188,107.2561,111.4053
2325,154.4832,103.1035,109.3343
2326,134.0234,98.1695,111.0415
2327,130.4649,95.2151,112.7627
2328,127.4842,94.2988,111.7675
2329,136.8242,97.0777,110.0213
2330,138.8367,97.5267,110.8279
2331,143.3972,98.802,101.1301
2332,138.0166,99.3548,98.8466
2333,131.2219,95.7068,101.447
2334,132.7021,93.9867,95.0607
2335,138.3051,101.4259,97.0702
2336,149.2299,114.9362,95.8698
2337,156.394,110.3084,97.3043
2338,166.5677,108.8774,98.4118
2339,168.0343,109.7427,94.1052
2340,156.3093,104.6688,96.413
2341,104.7752,96.098,100.0386
2342,115.1874,95.3678,104.4794
2343,145.3788,105.3684,93.9635
2344,138.5985,102.2911,92.7193
2345,86.4847,90.9328,84.1355
2346,90.0852,101.8448,83.2937
2347,94.7408,102.4763,83.9825
2348,99.0876,102.6397,88.0292
2349,102.5957,77.9154,97.3655
2350,109.0547,63.8436,93.3095
2351,111.6836,53.8385,90.4244
2352,117.762,75.2021,93.3425
2353,122.3322,76.6076,96.6939
2354,125.4373,70.7226,88.8285
2355,110.9647,56.315,81.9202
2356,103.8455,59.024,83.799
2357,102.3565,73.9206,87.6499
2358,100.7416,71.2235,84.5733
2359,104.2413,71.9647,84.1735
2360,102.321,84.2324,86.0271
2361,102.7464,74.5038,88.109
2362,108.5007,68.4565,97.2452
2363,108.0907,76.0548,90.1804
2364,103.2102,77.6156,87.2787
2365,110.8242,80.1203,84.8693
2366,118.123,77.0202,88.3175
2367,117.8021,73.2224,78.1302
2368,128.4758,74.032,78.9809
2369,140.6709,62.8492,81.2883
2370,133.7282,61.1243,90.3226
2371,128.9986,65.5807,97.9807
2372,127.2168,65.9098,94.4507
2373,124.7301,86.0874,77.8342
2374,124.5327,89.1292,81.9113
2375,124.0529,89.6726,115.2798
2376,123.7661,88.9647,115.5306
2377,122.6606,103.8024,117.6515
2378,122.5999,107.7629,116.6619
2379,124.0349,104.6628,124.0953
2380,125.8375,102.6113,121.51
2381,128.1919,103.6802,116.3621
2382,127.1179,103.1808,115.3073
2383,119.2481,95.7058,116.3991
2384,115.3852,92.1624,116.2303
2385,131.0118,102.7449,121.1223
2386,142.2694,105.7055,118.3746
2387,140.6186,75.4599,106.4538
2388,122.5464,48.0915,93.8543
2389,122.0137,47.1148,96.5625
2390,122.8803,48.1372,96.1657
2391,99.6341,48.3127,97.3507
2392,107.2256,52.2514,103.4065
2393,120.6366,85.27,109.8932
2394,121.9764,91.2317,114.3477
2395,123.5588,88.2328,112.6694
2396,128.3571,86.5747,108.6268
2397,123.4422,93.1553,113.5776
2398,113.1818,93.2982,97.2517
2399,126.2281,90.121,97.0005
2400,126.1056,89.5198,101.692
2401,129.405,97.4601,100.7791
2402,131.6564,103.4134,111.6534
2403,137.929,102.4562,99.9805
2404,134.0793,99.3468,102.263
2405,133.214,95.6168,106.9358
2406,137.3429,99.7915,97.6045
2407,136.001,95.8443,101.1444
2408,132.6493,102.2092,106.5837
2409,134.2524,98.6559,107.1985
2410,125.1608,93.6239,105.6188
2411,128.8541,90.2515,106.3503
2412,133.6404,91.0815,107.8755
2413,129.5911,95.4956,109.1956
2414,103.1819,91.0834,118.9975
2415,105.5197,94.8298,114.7299
2416,115.5325,97.2842,96.7185
2417,117.2107,103.9919,97.6572
2418,128.5398,105.2503,102.8626
2419,132.5672,110.6141,106.5528
2420,133.5907,110.703,111.2063
2421,131.0771,112.5374,103.9175
2422,126.8979,107.4477,109.623
2423,109.1004,93.961,112.7313
2424,109.5895,97.6501,110.6045
2425,109.5562,100.688,106.4345
2426,118.8419,102.8283,109.8789
2427,127.3475,91.6688,116.6209
2428,127.3328,87.8843,115.1823
2429,122.3658,87.1044,112.0307
2430,126.5263,89.2224,117.4955
2431,121.0965,94.2558,114.0097
2432,117.6704,91.0921,113.132
2433,118.5714,91.9041,103.1592
2434,116.9751,92.6386,103.2336
2435,122.1854,92.47,109.6259
2436,123.3036,97.1369,102.2171
2437,126.5876,105.4546,109.4946
2438,130.6185,108.2356,108.4409
2439,125.1124,121.8416,103.5435
2440,106.1361,122.6743,104.3095
2441,123.8829,122.7325,99.5568
2442,124.2108,121.0448,100.449
2443,123.0726,100.7114,107.7051
2444,124.3652,79.7151,104.6219
2445,125.8016,56.5818,102.8471
2446,136.9973,81.0498,105.2053
2447,135.1937,94.8436,106.859
2448,127.7184,103.5901,107.7271
2449,126.4713,95.2827,104.7692
2450,111.4366,84.4097,107.3249
2451,106.0221,66.5682,101.1522
2452,107.4502,68.2137,99.6229
2453,114.6024,74.0135,104.6863
2454,116.3718,70.4038,108.6262
2455,126.7983,73.0238,101.0338
2456,123.1356,72.1,102.7328
2457,129.1472,64.5398,105.1449
2458,121.5689,63.1142,100.6197
2459,114.1893,67.9331,86.7986
2460,118.2799,66.7874,97.6839
2461,120.0814,63.7655,86.1758
2462,125.862,66.1973,72.647
2463,119.2802,64.6637,72.5157
2464,122.0867,64.6755,116.9014
2465,118.8214,66.1146,123.2778
2466,117.8552,67.6716,112.755
2467,121.2741,69.458,99.5201
2468,114.227,69.4087,82.3774
2469,115.0749,74.6062,84.562
2470,100.5635,74.0713,89.8427
2471,102.8376,74.7957,93.5549
2472,131.5561,87.3973,101.3099
2473,135.6025,84.3848,89.1108
2474,128.404,87.6497,92.0246
2475,129.2565,98.4759,89.2509
2476,127.0848,100.4,88.5841
2477,123.6871,113.627,92.4068
2478,122.4652,98.5698,95.9997
2479,125.2263,82.3768,101.0815
2480,128.1729,79.4412,99.4685
2481,123.7005,69.2656,103.194
2482,118.1953,75.2155,111.9588
2483,121.6697,87.7817,108.0446
2484,118.1565,83.3208,105.2985
2485,114.9183,87.2429,117.541
2486,123.6851,94.1154,116.1816
2487,127.1367,80.5865,113.3623
2488,120.8547,78.4675,108.4463
2489,125.2172,73.7924,107.378
2490,124.5733,73.6783,106.9232
2491,130.1886,84.9834,107.9507
2492,137.415,86.9744,107.5499
2493,134.2162,89.5321,118.3629
2494,122.1852,82.2922,119.9703
2495,120.3386,93.6646,101.3391
2496,117.3647,93.604,99.4826
2497,106.6986,87.9868,99.4041
2498,128.0663,88.6047,105.5976
2499,134.9484,85.6283,112.1108
2500,125.2891,83.0434,116.5815
2501,125.7764,79.6138,114.7103
2502,126.0365,83.4041,107.2942
2503,122.4821,83.6103,108.552
2504,129.3213,87.3791,112.8403
2505,129.7318,91.1479,119.7284
2506,135.3499,93.2574,118.634
2507,129.1257,93.6093,109.7417
2508,104.0152,95.1095,95.715
2509,104.9627,92.305,95.9364
2510,108.3135,87.6127,94.1469
2511,101.1932,80.8221,90.1638
2512,106.1695,81.0612,90.6568
2513,118.7291,83.3702,94.648
2514,119.2597,86.0618,95.8555
2515,118.7124,85.4425,100.9862
2516,118.629,81.7721,101.5388
2517,122.546,82.771,102.9073
2518,122.2951,86.2955,100.4076
2519,122.3228,91.7479,103.82
2520,115.2805,91.2443,100.0832
2521,115.6,92.5708,100.9755
2522,117.12,93.3732,98.9426
2523,116.5221,91.5547,95.1218
2524,118.6472,93.8198,98.0771
2525,113.9952,95.1847,99.0493
2526,120.2263,94.807,105.3325
2527,122.312,93.8238,103.1741
2528,112.6595,92.2994,95.3856
2529,110.56,91.9803,99.0444
2530,106.6536,94.3779,92.3343
2531,101.9614,89.575,94.0862
2532,97.8373,88.6129,90.3256
2533,98.9448,88.6799,89.4618
2534,104.664,88.2059,88.6531
2535,107.2082,85.7407,90.4873
2536,131.1324,78.6348,88.1096
2537,125.2842,67.4321,96.0348
2538,110.6439,70.9289,96.0795
2539,100.2669,76.8254,104.847
2540,103.3433,80.3201,115.8959
